ID,Instrument,Legal force,Type / status,Wiki controls,Verification tag,To verify,Primary URL and retrieval date
US1,Federal AI legislation,Context,None comprehensive,,Reported,New bills,
US2,Executive Order 14365 (Dec 2025),Context,Executive policy,,Reported,Later litigation,
US3,Executive Order 14409 (2 Jun 2026) and 5 Jun national-security memo,Context,Executive policy,AI-CTRL-005,Reported,Text and numbers,
US4,NIST AI Risk Management Framework 1.0,Voluntary,Voluntary,All,Reported,Colorado text after rewrite,
US5,Colorado: SB 24-205 repealed and reenacted by SB 26-189 (signed 14 May 2026),Binding in scope,State law,AI-CTRL-013;AI-CTRL-037;AI-CTRL-041,Conflict,Older trackers still show 30 Jun 2026,
US6,California: SB 53 frontier AI transparency; AB 2013 training data transparency,Binding in scope,State law; 1 Jan 2026,AI-CTRL-011;AI-CTRL-038;AI-CTRL-029,Reported,Thresholds; text,
US7,California AI Transparency Act (SB 942 as amended),Binding in scope,State law; operative 2 Aug 2026 (reported),AI-CTRL-039,Reported,Bill number; scope,
US8,"California CCPA regulations on ADMT, risk assessments and cybersecurity audits",Binding in scope,"Binding regulation; approved by the Office of Administrative Law 22 Sep 2025, effective 1 Jan 2026 (CPPA page)",AI-CTRL-013;AI-CTRL-023;AI-CTRL-037;AI-CTRL-041,Reported,"Approval and effective date come from the CPPA page; other details from law-firm summaries. Read the approved text for definitions, exceptions and thresholds",
US9,Texas TRAIGA (HB 149),Binding in scope,State law; 1 Jan 2026,AI-CTRL-012;AI-CTRL-013,Reported,Obligations list; enforcement,
US10,Illinois HB 3773,Binding in scope,State law; 1 Jan 2026,AI-CTRL-041;AI-CTRL-023,Reported,Scope,
US11,NYC Local Law 144; NY RAISE Act; Utah SB 149,Binding in scope,Local and state,AI-CTRL-041;AI-CTRL-039,Reported,Dates,
US12,FTC Act s.5; EEOC and anti-discrimination law; ECOA adverse action; HIPAA; FDA for medical AI; bank model risk guidance (SR 26-2 and OCC Bulletin 2026-13 which replaced SR 11-7 on 17 Apr 2026),Binding law,Existing federal law,AI-CTRL-012;AI-CTRL-037;AI-CTRL-041,Recalled,Current enforcement and guidance,
US13,State legislative volume,Context,Context,,Reported,Figures,
