ID,Instrument,Type / status,Wiki controls,Control themes,Verification tag,To verify,Primary URL and retrieval date
E1,AI Act (Regulation (EU) 2024/1689) as amended by the Digital Omnibus,Binding; phased,All,GOV;RSK;POL;INV;OVS;AUD;CHG;INC,Reported; Recalled,Omnibus number; amended articles,
E1a,AI Act Art. 5 prohibited practices,Applies from 2 Feb 2025,AI-CTRL-012;AI-CTRL-011,GOV;POL,Reported,Current list incl. new prohibition from 2 Dec 2026,
E1b,AI Act Art. 4 AI literacy,Applies from 2 Feb 2025,AI-CTRL-012,TRN,Reported,Wording after omnibus,
E1c,"AI Act high-risk (Arts. 9 to 17, 26, 27, 43 to 49, 72, 73)",Annex III 2 Dec 2027; Annex I 2 Aug 2028 (reported),AI-CTRL-037;AI-CTRL-013;AI-CTRL-038;AI-CTRL-008;AI-CTRL-023;AI-CTRL-034;AI-CTRL-039;AI-CTRL-035,RSK;PRV;OVS;AUD;INC;CHG,Reported; Recalled,Dates; article text,
E1d,AI Act Art. 50 transparency,From 2 Aug 2026 with Art. 50(2) grace to 2 Dec 2026 (sources differ),AI-CTRL-039,OVS,Conflict,Exact application date,
E1e,AI Act GPAI (Arts. 51 to 55),Applies since 2 Aug 2025; enforcement from 2 Aug 2026,AI-CTRL-014;AI-CTRL-028;AI-CTRL-029,VND;POL,Reported,Text; guidelines,
E2,GDPR,Binding,AI-CTRL-013;AI-CTRL-007;AI-CTRL-017;AI-CTRL-035,PRV;XBT;RET;INC,Recalled,Articles; national law,
E3,EDPB opinion on AI models and personal data,Guidance,AI-CTRL-013,PRV,Recalled,Title and content,
E4,Digital Omnibus (data/GDPR),Proposal; not before 2027,AI-CTRL-013,PRV,Reported,Status,
E5,NIS2,Binding via national law,AI-CTRL-005;AI-CTRL-035,INC;VND;BCP,Recalled,National transposition,
E6,DORA,Binding for financial entities,AI-CTRL-014;AI-CTRL-035,VND;INC;BCP,Reported,Technical standards,
E7,Cyber Resilience Act,Reporting from 11 Sep 2026; full 11 Dec 2027,AI-CTRL-005;AI-CTRL-008,INC;AUD,Reported,Dates,
E8,Product Liability Directive (new),Directive,AI-CTRL-037,RSK,Unverified,Transposition date,
E9,Data Act,Regulation,AI-CTRL-007;AI-CTRL-014,XBT;VND,Recalled,Application date,
E10,Digital Services Act,Regulation,AI-CTRL-039,OVS,Recalled,Scope for AI,
E11,Copyright TDM opt-out,Directive,AI-CTRL-029,POL,Recalled,National law,
E12,Commission guidelines: prohibited practices,Guidance,AI-CTRL-012,POL,Recalled,Date and content,
E13,Commission guidelines: GPAI,Guidance (10 Jul 2025),AI-CTRL-014,VND,Reported,Content,
E14,Commission draft guidelines: high-risk classification,Draft 19 May 2026; consultation closed 23 Jul 2026,AI-CTRL-011,INV,Reported,Final adoption,
E15,GPAI Code of Practice,Voluntary,AI-CTRL-014,VND,Reported,Signatory list,
E16,Code of Practice on marking and labelling AI content,Voluntary; final 10 Jun 2026,AI-CTRL-039,OVS,Reported,Adequacy assessment,
E17,"CEN-CENELEC JTC 21 standards (EN 18286:2026; prEN 18228, 18229, 18282, 18284)","EN 18286 approved 12 Jul 2026, OJ citation pending; others draft",AI-CTRL-012;AI-CTRL-037;AI-CTRL-005;AI-CTRL-013,GOV;RSK;AUD,Reported,Numbers; status,
E18,ISO/IEC 42001,Voluntary standard,All,GOV;AUD,Recalled,Not harmonised,
